<?xml version="1.0" encoding="ISO-8859-1" ?>
<!--
/*
 * Copyright 2001-2008 The Apache Software Foundation.
 * 
 * Licensed under the Apache License, Version 2.0 (the "License");
 * you may not use this file except in compliance with the License.
 * You may obtain a copy of the License at
 * 
 *      http://www.apache.org/licenses/LICENSE-2.0
 * 
 * Unless required by applicable law or agreed to in writing, software
 * distributed under the License is distributed on an "AS IS" BASIS,
 * WITHOUT WARRANTIES OR CONDITIONS OF ANY KIND, either express or implied.
 * See the License for the specific language governing permissions and
 * limitations under the License.
 *
 -->
<uddi xmlns="urn:juddi-apache-org:v3_client" xmlns:xsi="http://www.w3.org/2001/XMLSchema-instance" xsi:schemaLocation="classpath:/xsd/uddi-client.xsd">
    <reloadDelay>5000</reloadDelay>
    <client name="client-and-server">
		<nodes>
			<node>
			    <!-- required 'default' node -->
				<name>default</name> 
				<description>Main jUDDI node</description>
				<!-- In VM Transport Settings -->
                <proxyTransport>org.apache.juddi.v3.client.transport.InVMTransport</proxyTransport>
                <custodyTransferUrl>org.apache.juddi.api.impl.UDDICustodyTransferImpl</custodyTransferUrl>
                <inquiryUrl>org.apache.juddi.api.impl.UDDIInquiryImpl</inquiryUrl>
				<inquiryRESTUrl>http://${serverName}:${serverPort}/juddiv3/services/inquiryRest</inquiryRESTUrl>
                <publishUrl>org.apache.juddi.api.impl.UDDIPublicationImpl</publishUrl>
                <securityUrl>org.apache.juddi.api.impl.UDDISecurityImpl</securityUrl>
                <subscriptionUrl>org.apache.juddi.api.impl.UDDISubscriptionImpl</subscriptionUrl>
                <subscriptionListenerUrl>org.apache.juddi.api.impl.UDDISubscriptionListenerImpl</subscriptionListenerUrl>
                <juddiApiUrl>org.apache.juddi.api.impl.JUDDIApiImpl</juddiApiUrl>
			</node>
		</nodes>
	</client>
</uddi>
