<?xml version="1.0" encoding="UTF-8"?>
<!--
Copyright 2015 The Apache Software Foundation.

Licensed under the Apache License, Version 2.0 (the "License");
you may not use this file except in compliance with the License.
You may obtain a copy of the License at

     http://www.apache.org/licenses/LICENSE-2.0

Unless required by applicable law or agreed to in writing, software
distributed under the License is distributed on an "AS IS" BASIS,
WITHOUT WARRANTIES OR CONDITIONS OF ANY KIND, either express or implied.
See the License for the specific language governing permissions and
limitations under the License.
-->
<replicationConfiguration xmlns="urn:uddi-org:repl_v3" xmlns:ns2="urn:uddi-org:api_v3" xmlns:ns3="http://www.w3.org/2000/09/xmldsig#">
    <serialNumber>0</serialNumber>
    <timeOfConfigurationUpdate></timeOfConfigurationUpdate>
    <registryContact>
        <ns2:contact>
            <ns2:personName>Unknown</ns2:personName>
        </ns2:contact>
    </registryContact>
    <operator>
        <operatorNodeID>${juddi.nodeId}</operatorNodeID>
        <operatorStatus>normal</operatorStatus>
        <ns2:contact>
            <ns2:personName>Unknown</ns2:personName>
        </ns2:contact>
        <soapReplicationURL>${juddi.server.baseurl}/services/replication</soapReplicationURL>
    </operator>
    <communicationGraph>
        <node>${juddi.nodeId}</node>
        <controlledMessage>*</controlledMessage>
    </communicationGraph>
    <maximumTimeToSyncRegistry>1</maximumTimeToSyncRegistry>
    <maximumTimeToGetChanges>1</maximumTimeToGetChanges>
</replicationConfiguration>
